ID,SNP1,SNP2,SNP3,SNP4,SNP5,SNP6,SNP7,SNP8,SNP9,SNP10,SNP11,SNP12,SNP13,SNP14,SNP15
ID1,2,0,0,0,0,0,0,2,0,2,2,0,2,0,2
ID2,0,0,0,0,0,0,0,0,0,2,0,2,2,0,2
ID3,0,0,0,0,0,0,0,2,0,2,0,0,2,0,0
ID4,2,0,0,0,0,0,0,2,0,2,2,0,2,0,2
ID5,2,0,0,0,0,0,0,2,0,2,2,0,2,0,2
ID6,0,0,0,0,0,0,2,0,2,2,0,2,2,0,2
ID7,0,0,0,0,0,0,2,0,0,2,0,2,2,0,2
ID8,0,0,0,0,0,0,0,0,0,2,0,2,2,0,2
ID9,0,0,0,0,0,0,2,0,2,2,0,2,2,0,2
ID10,2,0,0,0,0,0,2,2,0,2,0,0,2,0,2
ID11,0,0,0,0,0,0,2,0,2,2,0,2,2,0,2
ID12,2,2,0,0,0,0,2,2,0,2,0,2,2,0,2
ID13,2,0,0,0,2,0,2,2,0,2,0,0,2,0,2
ID14,0,0,0,0,0,0,2,2,0,2,0,0,0,2,2
ID15,0,0,0,0,0,0,0,2,0,2,0,0,2,0,0
ID16,0,0,0,0,0,0,0,2,0,2,0,0,2,0,0
ID17,0,0,0,0,0,0,2,0,2,2,0,2,2,0,2
ID18,0,0,0,0,0,0,0,0,0,0,0,0,0,0,0
ID19,0,0,0,0,0,0,2,0,0,2,0,2,2,0,2
ID20,0,0,0,0,0,0,2,0,0,2,0,2,2,0,2
ID21,2,0,0,0,0,0,0,2,0,2,2,0,2,0,2
ID22,0,0,0,0,0,0,2,2,0,2,0,0,0,2,2
ID23,2,0,2,2,2,0,2,2,0,2,0,0,2,0,2
ID24,0,0,0,0,0,0,0,0,0,2,0,2,2,0,2
ID25,0,0,0,0,0,0,0,0,0,0,0,0,0,0,0
ID26,2,0,0,0,0,0,2,2,0,2,0,2,2,0,2
ID27,2,0,0,0,0,0,2,2,0,2,0,0,2,0,2
ID28,0,0,0,0,0,2,0,2,0,2,0,0,2,0,0
ID29,0,0,0,0,0,0,2,0,0,2,0,2,2,0,2
ID30,2,0,0,0,0,0,0,2,0,2,2,0,2,0,2
